{"query": [
  {
    "instances": ["BoschExplanationExperience"],
    "class": "Explanation Experience"
  },
  {
    "instances": ["QueryExplanationExperience"],
    "class": "Explanation Experience"
  },
  {
    "instances": ["QueryDescription"],
    "class": "Description"
  },
  {
    "class": "Case Feature",
    "subclasses": [
      {
        "instances": ["QueryExplainer"],
        "class": "Explainer"
      },
      {
        "instances": ["QueryDNNModel"],
        "class": "AIModel"
      },
      {
        "instances": ["QueryUser"],
        "class": "User"
      }
    ]
  }
]}