{"retrievalInfo": [
  {
    "applicableSimilarityStrategy": "ExactMatch",
    "instances": [
      "prediction",
      "model",
      "data"
    ],
    "class": "Explanation Target"
  },
  {
    "applicableSimilarityStrategy": "ExactMatch",
    "class": "UserQuestion",
    "subclasses": [
      {"class": "WhyQuestion"},
      {
        "instances": ["What_is_the_anomaly_in_the_sensor"],
        "class": "WhatQuestion"
      },
      {"class": "WhenQuestion"},
      {"class": "HowQuestion"}
    ]
  },
  {
    "applicableSimilarityStrategy": "SameTypeMatch",
    "class": "UserQuestionTarget",
    "subclasses": [
      {
        "instances": [
          "SystemRecExampleForContrastiveExpA",
          "SystemRecExampleForContrastiveExpB"
        ],
        "class": "System Recommendation"
      },
      {
        "class": "AI Method",
        "subclasses": [
          {"class": "Computer Heuristics"},
          {
            "class": "Knowledge Bases",
            "subclasses": [{
              "class": "Biological Ontologies",
              "subclasses": [{"class": "Gene Ontology"}]
            }]
          },
          {"class": "Robotics"},
          {
            "instances": [
              "YoloNeuralNetwork",
              "BoschAnomalyDeepNeuralNetwork"
            ],
            "class": "Neural Networks (Computer)"
          },
          {"class": "Natural Language Processing"},
          {
            "class": "Machine Learning",
            "subclasses": [
              {"class": "Unsupervised Machine Learning"},
              {
                "class": "Supervised Machine Learning",
                "subclasses": [
                  {"class": "Support Vector Machine"},
                  {"class": "Decision Tree"}
                ]
              }
            ]
          },
          {
            "class": "Knowledge based Systems",
            "subclasses": [{"class": "Expert Systems"}]
          },
          {"class": "Fuzzy Logic"}
        ]
      }
    ]
  },
  {
    "applicableSimilarityStrategy": "ExactMatch",
    "instances": [
      "low",
      "high",
      "medium"
    ],
    "class": "Knowledge Level"
  },
  {
    "applicableSimilarityStrategy": "SameTypeMatch",
    "class": "AI Method",
    "subclasses": [
      {"class": "Computer Heuristics"},
      {
        "class": "Knowledge Bases",
        "subclasses": [{
          "class": "Biological Ontologies",
          "subclasses": [{"class": "Gene Ontology"}]
        }]
      },
      {"class": "Robotics"},
      {
        "instances": [
          "YoloNeuralNetwork",
          "BoschAnomalyDeepNeuralNetwork"
        ],
        "class": "Neural Networks (Computer)"
      },
      {"class": "Natural Language Processing"},
      {
        "class": "Machine Learning",
        "subclasses": [
          {"class": "Unsupervised Machine Learning"},
          {
            "class": "Supervised Machine Learning",
            "subclasses": [
              {"class": "Support Vector Machine"},
              {"class": "Decision Tree"}
            ]
          }
        ]
      },
      {
        "class": "Knowledge based Systems",
        "subclasses": [{"class": "Expert Systems"}]
      },
      {"class": "Fuzzy Logic"}
    ]
  },
  {
    "applicableSimilarityStrategy": "SameTypeMatch",
    "instances": ["YoloImage"],
    "class": "Explanation Modality"
  },
  {
    "applicableSimilarityStrategy": "ExactMatch",
    "class": "ExactMatch"
  },
  {
    "applicableSimilarityStrategy": "ExactMatch",
    "instances": [
      "Debugging",
      "Scruitablity",
      "Persuasiveness",
      "Education",
      "Efficiency",
      "Trust",
      "Transparency",
      "Satisfaction",
      "Effectiveness"
    ],
    "class": "intent"
  },
  {
    "applicableSimilarityStrategy": "ExactMatch",
    "instances": [
      "post-hoc",
      "ante-hoc"
    ],
    "class": "Explainer Concurrentness"
  },
  {
    "applicableSimilarityStrategy": "SameTypeMatch",
    "class": "Technical Facilities",
    "subclasses": [
      {
        "instances": ["ScreenDisplay"],
        "class": "Visual Facilities"
      },
      {
        "instances": ["Speaker"],
        "class": "Audio Facilities"
      }
    ]
  },
  {
    "applicableSimilarityStrategy": "SameTypeMatch",
    "instances": [
      "categorical",
      "image",
      "ordinal",
      "numerical"
    ],
    "class": "Data Type",
    "subclasses": [
      {
        "instances": ["ColorImage"],
        "class": "Image"
      },
      {"class": "Numerical"},
      {"class": "Categorical"},
      {"class": "Ordinal"}
    ]
  },
  {
    "applicableSimilarityStrategy": "HierarchyDistance",
    "class": "information content entity",
    "subclasses": [
      {
        "class": "geometric entity",
        "subclasses": [
          {"class": "polyhedral skeleton"},
          {"class": "polyhedral surface"},
          {"class": "polygonal face"},
          {"class": "polyline"},
          {
            "class": "polygon",
            "subclasses": [
              {"class": "triangle"},
              {
                "class": "quadrilateral",
                "subclasses": [{
                  "class": "rectangle",
                  "subclasses": [{"class": "bar"}]
                }]
              }
            ]
          },
          {
            "class": "point",
            "subclasses": [
              {
                "class": "terminal point",
                "subclasses": [
                  {"class": "endpoint"},
                  {"class": "start point"}
                ]
              },
              {"class": "1D cartesian point"},
              {"class": "2D cartesian point"},
              {"class": "3D cartesian point"},
              {
                "class": "data point",
                "subclasses": [{
                  "class": "stationary point",
                  "subclasses": [
                    {
                      "class": "local minimum stationary point",
                      "subclasses": [{"class": "global minimal stationary point"}]
                    },
                    {
                      "class": "local maximum stationary point",
                      "subclasses": [{"class": "global maximal stationary point"}]
                    }
                  ]
                }]
              },
              {
                "class": "node",
                "subclasses": [{"class": "polygon vertex"}]
              }
            ]
          },
          {
            "class": "curve",
            "subclasses": [
              {"class": "arc"},
              {"class": "curve segment"},
              {
                "class": "line",
                "subclasses": [
                  {"class": "edge"},
                  {
                    "class": "ray",
                    "subclasses": [{
                      "class": "vector line",
                      "subclasses": [
                        {"class": "vertex normal"},
                        {"class": "surface normal"}
                      ]
                    }]
                  },
                  {
                    "class": "positionally oriented line",
                    "subclasses": [
                      {"class": "horizontal line"},
                      {"class": "vertical line"}
                    ]
                  },
                  {"class": "infinite line"},
                  {
                    "class": "line segment",
                    "subclasses": [
                      {"class": "polygon edge"},
                      {
                        "class": "directed line segment",
                        "subclasses": [
                          {
                            "class": "axis",
                            "subclasses": [
                              {
                                "class": "category axis",
                                "subclasses": [
                                  {"class": "primary category axis"},
                                  {"class": "secondary category axis"}
                                ]
                              },
                              {
                                "class": "value axis",
                                "subclasses": [
                                  {
                                    "class": "scaled value axis",
                                    "subclasses": [
                                      {"class": "logarithmic value axis"},
                                      {"class": "linear value axis"}
                                    ]
                                  },
                                  {"class": "top value axis"},
                                  {"class": "bottom value axis"},
                                  {"class": "left value axis"},
                                  {"class": "right value axis"},
                                  {
                                    "class": "Cartesian coordinate axis",
                                    "subclasses": [
                                      {"class": "y-axis"},
                                      {"class": "x-axis"},
                                      {"class": "z-axis"}
                                    ]
                                  }
                                ]
                              }
                            ]
                          },
                          {
                            "class": "arrowed line segment",
                            "subclasses": [
                              {"class": "single arrowed line segment"},
                              {"class": "double arrowed line segment"}
                            ]
                          }
                        ]
                      },
                      {
                        "class": "tick mark",
                        "subclasses": [
                          {"class": "minor tick mark"},
                          {"class": "major tick mark"}
                        ]
                      }
                    ]
                  },
                  {
                    "class": "statistical graph line",
                    "subclasses": [
                      {"class": "drop line"},
                      {
                        "class": "trend line",
                        "subclasses": [
                          {"class": "decreasing line"},
                          {"class": "plateau line"},
                          {"class": "increasing line"}
                        ]
                      }
                    ]
                  }
                ]
              }
            ]
          },
          {"class": "collection of points"}
        ]
      },
      {
        "class": "social entity",
        "subclasses": [
          {
            "class": "social relation",
            "subclasses": [{"class": "affiliation"}]
          },
          {
            "class": "social structure",
            "subclasses": [{
              "class": "collective",
              "subclasses": [
                {
                  "class": "organization",
                  "subclasses": [
                    {"class": "institute"},
                    {
                      "class": "regulatory authority",
                      "subclasses": [{"class": "drug regulatory authority"}]
                    },
                    {"class": "corporation"},
                    {
                      "class": "academic organization",
                      "subclasses": [
                        {"class": "university"},
                        {"class": "academic department"}
                      ]
                    }
                  ]
                },
                {
                  "class": "population",
                  "subclasses": [{
                    "class": "human population",
                    "subclasses": [{"class": "ethnic group"}]
                  }]
                },
                {"class": "family"},
                {"class": "community"},
                {
                  "class": "study group",
                  "subclasses": [
                    {"class": "intervention group"},
                    {"class": "control group"}
                  ]
                }
              ]
            }]
          }
        ]
      },
      {
        "class": "computational entity",
        "subclasses": [
          {"class": "database entry"},
          {"class": "namespace"},
          {
            "class": "ovopub",
            "subclasses": [
              {"class": "collection ovopub"},
              {"class": "assertion ovopub"}
            ]
          },
          {
            "class": "data item",
            "subclasses": [
              {
                "class": "scientific data",
                "subclasses": [
                  {
                    "class": "biological data",
                    "subclasses": [
                      {"class": "genetic data"},
                      {"class": "medical data"},
                      {"class": "bioinformatic data"}
                    ]
                  },
                  {"class": "chemical data"}
                ]
              },
              {"class": "Object Record"},
              {"class": "metadata"},
              {
                "class": "dataset",
                "subclasses": [{"class": "versioned dataset"}]
              }
            ]
          },
          {"class": "user account"},
          {
            "class": "column",
            "subclasses": [{"class": "database column"}]
          },
          {
            "instances": [
              "ExplanationInLinguistics",
              "ExplanationInSociology",
              "ExplanationInPhilosophy",
              "ExplanationInComputerScience",
              "ContrastiveExpInstance",
              "ExplanationInNeuroscience",
              "ExplanationInPsychology"
            ],
            "class": "Explanation",
            "subclasses": [
              {
                "class": "Everyday Explanation",
                "subclasses": [{"class": "Clinical Pearls"}]
              },
              {"class": "Statistical Explanation"},
              {"class": "Simulation Based Explanation"},
              {"class": "Contextual Explanation"},
              {
                "class": "Scientific Explanation",
                "subclasses": [
                  {"class": "Mechanistic Explanation"},
                  {"class": "Evidence Based Explanation"}
                ]
              },
              {"class": "Trace Based Explanation"},
              {"class": "Case Based Explanation"},
              {"class": "Contrastive Explanation"},
              {
                "instances": [
                  "CounterfactualProbable2",
                  "CounterfactualProbable1"
                ],
                "class": "Counterfactual Explanation"
              }
            ]
          },
          {
            "class": "cell (informational)",
            "subclasses": [
              {"class": "referencing cell"},
              {"class": "unique cell"},
              {"class": "referent cell"}
            ]
          },
          {
            "instances": [
              "SystemRecExampleForContrastiveExpA",
              "SystemRecExampleForContrastiveExpB"
            ],
            "class": "System Recommendation"
          },
          {
            "class": "database key",
            "subclasses": [
              {"class": "foreign database key"},
              {"class": "primary database key"}
            ]
          },
          {
            "class": "row",
            "subclasses": [{"class": "database row"}]
          },
          {"class": "database"},
          {
            "class": "software entity",
            "subclasses": [
              {
                "class": "software application",
                "subclasses": [
                  {"class": "software interpreter"},
                  {
                    "class": "web service",
                    "subclasses": [
                      {"class": "SOAP web service"},
                      {
                        "class": "semantic web service",
                        "subclasses": [{"class": "SADI semantic web service"}]
                      },
                      {"class": "REST web service"}
                    ]
                  }
                ]
              },
              {"class": "software method"},
              {"class": "software script"},
              {"class": "Reasoning Mode"},
              {"class": "System Trace"},
              {"class": "software library"},
              {"class": "software module"}
            ]
          },
          {"class": "database table"}
        ]
      },
      {
        "class": "media",
        "subclasses": [
          {"class": "slide"},
          {"class": "television program"},
          {"class": "slideshow"},
          {
            "class": "figure part",
            "subclasses": [
              {"class": "plot"},
              {"class": "legend"}
            ]
          },
          {
            "class": "file",
            "subclasses": [{
              "class": "molecular structure file",
              "subclasses": [{"class": "PDB file"}]
            }]
          },
          {"class": "movie"},
          {
            "class": "figure",
            "subclasses": [
              {
                "class": "chart",
                "subclasses": [
                  {
                    "class": "statistical graph",
                    "subclasses": [
                      {
                        "class": "bar graph",
                        "subclasses": [
                          {"class": "horizontal bar graph"},
                          {"class": "stacked bar graph"},
                          {"class": "vertical bar graph"}
                        ]
                      },
                      {"class": "line graph"},
                      {"class": "scatterplot"},
                      {
                        "class": "stack graph",
                        "subclasses": [{"class": "streamgraph"}]
                      },
                      {
                        "class": "line-bar graph",
                        "subclasses": [{"class": "boxplot"}]
                      }
                    ]
                  },
                  {
                    "class": "network diagram",
                    "subclasses": [{
                      "class": "directed acyclic graph",
                      "subclasses": [{
                        "class": "tree diagram",
                        "subclasses": [{"class": "dendrogram"}]
                      }]
                    }]
                  },
                  {
                    "class": "heatmap",
                    "subclasses": [{"class": "geographic heatmap"}]
                  },
                  {"class": "bubble chart"},
                  {"class": "map"},
                  {
                    "class": "histogram",
                    "subclasses": [{"class": "block histogram"}]
                  },
                  {
                    "class": "textual chart",
                    "subclasses": [
                      {"class": "phrase net diagram"},
                      {"class": "word tree"},
                      {"class": "tag cloud"}
                    ]
                  },
                  {"class": "venn diagram"},
                  {"class": "matrix chart"},
                  {"class": "Gantt chart"},
                  {"class": "flowchart"},
                  {
                    "class": "mereological chart",
                    "subclasses": [
                      {"class": "pie chart"},
                      {"class": "treemap"}
                    ]
                  }
                ]
              },
              {"class": "table"},
              {
                "class": "image",
                "subclasses": [{
                  "class": "photograph",
                  "subclasses": [{"class": "geographic image"}]
                }]
              }
            ]
          },
          {"class": "audio recording"}
        ]
      },
      {
        "class": "mathematical entity",
        "subclasses": [
          {
            "class": "logical operator",
            "subclasses": [
              {"class": "implies (->)"},
              {"class": "conjunction (and)"},
              {"class": "negation (not)"},
              {
                "class": "disjunction (or)",
                "subclasses": [{"class": "exclusive disjunction (xor)"}]
              }
            ]
          },
          {
            "class": "tensor",
            "subclasses": [
              {
                "class": "rank nonzero tensor",
                "subclasses": [
                  {"class": "matrix"},
                  {"class": "vector"}
                ]
              },
              {
                "class": "scalar",
                "subclasses": [{
                  "class": "number",
                  "subclasses": [{
                    "class": "measurement value",
                    "subclasses": [
                      {
                        "class": "quantity",
                        "subclasses": [
                          {
                            "class": "dimensionless quantity",
                            "subclasses": [
                              {
                                "class": "probability measure",
                                "subclasses": [
                                  {"class": "expected value"},
                                  {"class": "probability value"},
                                  {"class": "standard score"}
                                ]
                              },
                              {
                                "class": "ratio",
                                "subclasses": [
                                  {"class": "DisGeNET disease specificity"},
                                  {"class": "specific gravity"},
                                  {"class": "t-statistic"},
                                  {"class": "DisGeNET Pleiotropy Index"},
                                  {
                                    "class": "differential gene expression ratio",
                                    "subclasses": [
                                      {"class": "t-statistic based increased differential gene expression"},
                                      {"class": "t-statistic based decreased differential gene expression"}
                                    ]
                                  },
                                  {"class": "aspect ratio"},
                                  {"class": "percentage"},
                                  {"class": "slope"}
                                ]
                              },
                              {
                                "class": "count",
                                "subclasses": [
                                  {"class": "generation number"},
                                  {"class": "number of objects consumed"},
                                  {"class": "page total"},
                                  {"class": "number of objects produced"},
                                  {
                                    "class": "difference in number of objects produced",
                                    "subclasses": [
                                      {"class": "decrease in number of objects produced"},
                                      {"class": "increase in number of objects produced"}
                                    ]
                                  },
                                  {"class": "copy number variation"},
                                  {"class": "volume number"},
                                  {"class": "edition number"},
                                  {"class": "page number"},
                                  {"class": "member count"}
                                ]
                              },
                              {
                                "class": "quantile",
                                "subclasses": [{"class": "percentile"}]
                              },
                              {"class": "pH"}
                            ]
                          },
                          {"class": "sum"},
                          {"class": "maximal value"},
                          {"class": "unit of measurement"},
                          {
                            "class": "centrality measure",
                            "subclasses": [
                              {"class": "mode"},
                              {"class": "mean"},
                              {"class": "median"}
                            ]
                          },
                          {
                            "class": "dimensional quantity",
                            "subclasses": [
                              {"class": "age"},
                              {
                                "class": "rate of change",
                                "subclasses": [
                                  {
                                    "class": "speed",
                                    "subclasses": [{"class": "velocity"}]
                                  },
                                  {"class": "frequency"}
                                ]
                              },
                              {
                                "class": "time measurement",
                                "subclasses": [
                                  {
                                    "class": "time interval",
                                    "subclasses": [
                                      {"class": "millennium"},
                                      {"class": "minute"},
                                      {"class": "year"},
                                      {"class": "century"},
                                      {"class": "hour"},
                                      {"class": "week"},
                                      {"class": "second"},
                                      {"class": "month"},
                                      {"class": "day"}
                                    ]
                                  },
                                  {
                                    "class": "time instant",
                                    "subclasses": [
                                      {"class": "start time"},
                                      {"class": "date of issue"},
                                      {"class": "end date"},
                                      {"class": "start date"},
                                      {"class": "end time"},
                                      {"class": "date of database submission"}
                                    ]
                                  }
                                ]
                              },
                              {"class": "gene expression value"},
                              {
                                "class": "spatial quantity",
                                "subclasses": [
                                  {
                                    "class": "2D extent quantity",
                                    "subclasses": [
                                      {
                                        "class": "length of perimeter",
                                        "subclasses": [{"class": "circumference"}]
                                      },
                                      {
                                        "class": "area",
                                        "subclasses": [{"class": "surface area"}]
                                      }
                                    ]
                                  },
                                  {"class": "mass"},
                                  {
                                    "class": "1D extent quantity",
                                    "subclasses": [
                                      {"class": "width"},
                                      {
                                        "class": "depth",
                                        "subclasses": [{"class": "thickness"}]
                                      },
                                      {"class": "length"},
                                      {"class": "height"}
                                    ]
                                  },
                                  {
                                    "class": "3D extent quantity",
                                    "subclasses": [
                                      {"class": "concentration"},
                                      {"class": "density"},
                                      {"class": "volume"}
                                    ]
                                  }
                                ]
                              },
                              {
                                "class": "dose",
                                "subclasses": [{"class": "effective dose"}]
                              },
                              {"class": "protein expression value"}
                            ]
                          },
                          {
                            "class": "likelihood",
                            "subclasses": [{"class": "log likelihood"}]
                          },
                          {"class": "uncertainty value"},
                          {"class": "minimal value"},
                          {"class": "standard deviation"}
                        ]
                      },
                      {
                        "class": "position",
                        "subclasses": [
                          {"class": "center of mass"},
                          {"class": "orientation"},
                          {
                            "class": "linear position",
                            "subclasses": [
                              {
                                "class": "start position",
                                "subclasses": [
                                  {
                                    "class": "text span start position",
                                    "subclasses": [{"class": "word start position"}]
                                  },
                                  {"class": "sequence start position"}
                                ]
                              },
                              {
                                "class": "sequence element position",
                                "subclasses": [
                                  {"class": "sequence end position"},
                                  {"class": "sequence start position"}
                                ]
                              },
                              {
                                "class": "end position",
                                "subclasses": [
                                  {"class": "sequence end position"},
                                  {
                                    "class": "text span end position",
                                    "subclasses": [{"class": "word end position"}]
                                  }
                                ]
                              },
                              {
                                "class": "ordinal position",
                                "subclasses": [
                                  {"class": "process number"},
                                  {"class": "character position"}
                                ]
                              }
                            ]
                          },
                          {
                            "class": "geographic position",
                            "subclasses": [
                              {"class": "longitude"},
                              {"class": "postal code"},
                              {"class": "latitude"}
                            ]
                          },
                          {
                            "class": "coordinate",
                            "subclasses": [
                              {"class": "polar coordinate"},
                              {
                                "class": "cartesian coordinate",
                                "subclasses": [
                                  {"class": "x cartesian coordinate"},
                                  {"class": "z cartesian coordinate"},
                                  {"class": "3D cartesian coordinate"},
                                  {"class": "y cartesian coordinate"}
                                ]
                              }
                            ]
                          },
                          {"class": "altitude"}
                        ]
                      }
                    ]
                  }]
                }]
              }
            ]
          },
          {"class": "vector space"},
          {
            "class": "interval",
            "subclasses": [{"class": "page range"}]
          },
          {
            "class": "variable",
            "subclasses": [
              {
                "class": "independent variable",
                "subclasses": [{
                  "class": "parameter",
                  "subclasses": [{"class": "default parameter"}]
                }]
              },
              {"class": "control variable"},
              {"class": "dependent variable"}
            ]
          },
          {
            "class": "association",
            "subclasses": [
              {"class": "chemical-gene assocation"},
              {
                "class": "statistical association",
                "subclasses": [{"class": "correlation"}]
              },
              {"class": "chemical-pathway association"},
              {
                "class": "database cross-reference",
                "subclasses": [{"class": "exact cross-reference"}]
              },
              {"class": "chemical-disease association"},
              {"class": "epimer association"},
              {
                "class": "gene-disease association",
                "subclasses": [
                  {
                    "class": "gene-disease biomarker association",
                    "subclasses": [
                      {"class": "gene-disease association linked with post-translational modification"},
                      {
                        "class": "gene-disease association linked with genomic alterations",
                        "subclasses": [
                          {"class": "gene-disease association linked with chromosomal rearrangement"},
                          {"class": "fusion gene-disease association"},
                          {
                            "class": "gene-disease association linked with genetic variation",
                            "subclasses": [
                              {
                                "class": "gene-disease association linked with causal mutation",
                                "subclasses": [
                                  {"class": "gene-disease association linked with germline causal mutation"},
                                  {"class": "gene-disease association linked with somatic causal mutation"}
                                ]
                              },
                              {"class": "gene-disease association linked with susceptibility mutation"},
                              {
                                "class": "gene-disease association linked with modifying mutation",
                                "subclasses": [
                                  {"class": "gene-disease association linked with germline modifying mutation"},
                                  {"class": "gene-disease association linked with somatic modifying mutation"}
                                ]
                              }
                            ]
                          }
                        ]
                      },
                      {"class": "gene-disease association linked with altered gene expression"}
                    ]
                  },
                  {"class": "therapeutic gene-disease association"}
                ]
              }
            ]
          },
          {
            "class": "algorithm",
            "subclasses": [{"class": "workflow"}]
          },
          {
            "class": "set",
            "subclasses": [
              {"class": "class"},
              {
                "class": "list",
                "subclasses": [
                  {"class": "union"},
                  {"class": "intersection"},
                  {"class": "sequence"},
                  {
                    "class": "ordered list",
                    "subclasses": [{"class": "author list"}]
                  },
                  {"class": "data series"}
                ]
              },
              {
                "class": "collection",
                "subclasses": [
                  {"class": "catalog"},
                  {"class": "a collection of replicates"},
                  {"class": "collection of points"},
                  {"class": "protein family"},
                  {
                    "class": "collection of documents",
                    "subclasses": [
                      {"class": "website"},
                      {
                        "class": "periodical",
                        "subclasses": [
                          {"class": "magazine"},
                          {"class": "newspaper"},
                          {"class": "journal"}
                        ]
                      },
                      {"class": "book series"}
                    ]
                  },
                  {
                    "class": "sequence alignment",
                    "subclasses": [
                      {"class": "multiple sequence alignment"},
                      {"class": "pairwise sequence alignment"}
                    ]
                  },
                  {"class": "unigene cluster"},
                  {"class": "a collection of duplicates"},
                  {"class": "collection of 3d molecular structure models"}
                ]
              },
              {"class": "empty set"},
              {
                "class": "interval",
                "subclasses": [
                  {
                    "class": "left open interval",
                    "subclasses": [{"class": "open interval"}]
                  },
                  {
                    "class": "right closed interval",
                    "subclasses": [{"class": "closed interval"}]
                  },
                  {
                    "class": "right open interval",
                    "subclasses": [{"class": "open interval"}]
                  },
                  {
                    "class": "left closed interval",
                    "subclasses": [{"class": "closed interval"}]
                  }
                ]
              }
            ]
          },
          {
            "class": "equation",
            "subclasses": [
              {
                "class": "differential equation",
                "subclasses": [
                  {"class": "partial differential equation"},
                  {"class": "ordinary differential equation"}
                ]
              },
              {
                "class": "movement equation",
                "subclasses": [{"class": "diffusion equation"}]
              }
            ]
          },
          {
            "class": "set item",
            "subclasses": [
              {
                "class": "collection item",
                "subclasses": [
                  {"class": "replicate"},
                  {"class": "duplicate"}
                ]
              },
              {
                "class": "list item",
                "subclasses": [{"class": "ordered list item"}]
              }
            ]
          },
          {
            "class": "pattern",
            "subclasses": [
              {"class": "sequence motif"},
              {"class": "sequence profile"},
              {"class": "structural motif"}
            ]
          }
        ]
      },
      {
        "class": "language entity",
        "subclasses": [
          {"class": "character"},
          {
            "class": "description",
            "subclasses": [
              {
                "class": "history",
                "subclasses": [
                  {"class": "evolutionary lineage"},
                  {"class": "medical history"},
                  {"class": "family history"}
                ]
              },
              {
                "class": "specification",
                "subclasses": [
                  {
                    "class": "notation",
                    "subclasses": [
                      {
                        "class": "chemical notation",
                        "subclasses": [{"class": "InCHI notation"}]
                      },
                      {
                        "class": "sequence variation notation",
                        "subclasses": [{"class": "hgvs notation"}]
                      }
                    ]
                  },
                  {
                    "class": "functional specification",
                    "subclasses": [
                      {
                        "class": "formal specification",
                        "subclasses": [
                          {"class": "ontology"},
                          {
                            "class": "vocabulary",
                            "subclasses": [{"class": "terminology"}]
                          }
                        ]
                      },
                      {
                        "class": "measurement scale",
                        "subclasses": [
                          {"class": "binary scale"},
                          {"class": "nomimal scale"},
                          {
                            "class": "numeric scale",
                            "subclasses": [
                              {"class": "decimal scale"},
                              {"class": "integer scale"}
                            ]
                          }
                        ]
                      },
                      {
                        "class": "design specification",
                        "subclasses": [{
                          "class": "criterion",
                          "subclasses": [
                            {"class": "exclusion criterion"},
                            {"class": "inclusion criterion"}
                          ]
                        }]
                      },
                      {
                        "class": "structure",
                        "subclasses": [{
                          "class": "chemical structure",
                          "subclasses": [
                            {
                              "class": "molecular structure",
                              "subclasses": [{"class": "crystal structure"}]
                            },
                            {"class": "electronic structure"}
                          ]
                        }]
                      },
                      {
                        "class": "spatial specification",
                        "subclasses": [{
                          "class": "coordinate system",
                          "subclasses": [
                            {"class": "cartesian coordinate system"},
                            {"class": "polar coordinate system"},
                            {"class": "cylindrical coordinate system"},
                            {"class": "spherical coordinate system"}
                          ]
                        }]
                      },
                      {"class": "genotype"},
                      {"class": "design"},
                      {
                        "class": "vocabulary",
                        "subclasses": [{"class": "terminology"}]
                      }
                    ]
                  },
                  {
                    "class": "action specification",
                    "subclasses": [
                      {
                        "class": "experimental protocol",
                        "subclasses": [
                          {"class": "study design"},
                          {"class": "standard operating procedure"}
                        ]
                      },
                      {"class": "plan"},
                      {
                        "class": "pathway",
                        "subclasses": [{
                          "class": "chemical reaction pathway",
                          "subclasses": [
                            {"class": "chemical degradation pathway"},
                            {
                              "class": "biochemical pathway",
                              "subclasses": [
                                {
                                  "class": "regulatory pathway",
                                  "subclasses": [{"class": "pharmacodynamic pathway"}]
                                },
                                {
                                  "class": "metabolic pathway",
                                  "subclasses": [{"class": "pharmacokinetic pathway"}]
                                }
                              ]
                            },
                            {"class": "chemical synthesis pathway"}
                          ]
                        }]
                      },
                      {"class": "recipe"}
                    ]
                  },
                  {"class": "standard"}
                ]
              },
              {"class": "syndrome"},
              {"class": "definition"},
              {"class": "answer"},
              {
                "class": "proposition",
                "subclasses": [
                  {
                    "class": "objective",
                    "subclasses": [
                      {"class": "Explanation Goal"},
                      {"class": "AI Task Goal"}
                    ]
                  },
                  {
                    "class": "statement",
                    "subclasses": [{"class": "statement of consequence"}]
                  },
                  {"class": "comment"},
                  {"class": "prognosis"},
                  {"class": "hypothesis"},
                  {
                    "class": "argument",
                    "subclasses": [
                      {"class": "inductive argument"},
                      {"class": "deductive argument"},
                      {
                        "class": "valid argument",
                        "subclasses": [{"class": "sound argument"}]
                      },
                      {"class": "invalid argument"}
                    ]
                  },
                  {
                    "class": "conclusion",
                    "subclasses": [{"class": "diagnosis"}]
                  },
                  {"class": "idea"},
                  {"class": "evidence"},
                  {"class": "premise"},
                  {
                    "class": "belief",
                    "subclasses": [{
                      "class": "opinion",
                      "subclasses": [
                        {"class": "diagnostic opinion"},
                        {"class": "speculation"}
                      ]
                    }]
                  },
                  {
                    "class": "justification",
                    "subclasses": [{
                      "class": "reason",
                      "subclasses": [{"class": "purpose"}]
                    }]
                  }
                ]
              },
              {"class": "annotation"}
            ]
          },
          {"class": "morpheme"},
          {
            "class": "term",
            "subclasses": [
              {
                "class": "descriptor",
                "subclasses": [{"class": "keyword"}]
              },
              {
                "class": "term variant",
                "subclasses": [
                  {"class": "antonym"},
                  {"class": "hypernym"},
                  {"class": "synonym"},
                  {"class": "hyponym"},
                  {"class": "homonym"}
                ]
              },
              {
                "class": "concept",
                "subclasses": [{"class": "category"}]
              },
              {
                "class": "label",
                "subclasses": [
                  {
                    "class": "name",
                    "subclasses": [
                      {"class": "generic name"},
                      {"class": "preferred name"},
                      {"class": "last name"},
                      {"class": "brand name"},
                      {"class": "first name"},
                      {
                        "class": "middle name",
                        "subclasses": [{"class": "middle initial"}]
                      },
                      {
                        "class": "personal name",
                        "subclasses": [{"class": "legal name"}]
                      },
                      {
                        "class": "scientific name",
                        "subclasses": [{"class": "gene symbol"}]
                      },
                      {"class": "common name"}
                    ]
                  },
                  {
                    "class": "title",
                    "subclasses": [
                      {"class": "secondary title"},
                      {
                        "class": "primary title",
                        "subclasses": [
                          {"class": "secondary graph title"},
                          {"class": "primary graph title"}
                        ]
                      },
                      {"class": "graph title"},
                      {"class": "document title"}
                    ]
                  },
                  {"class": "numeric label"},
                  {"class": "namespace label"},
                  {"class": "language label"},
                  {
                    "class": "identifier",
                    "subclasses": [
                      {
                        "class": "informational entity identifier",
                        "subclasses": [
                          {"class": "email address"},
                          {
                            "class": "telephone number",
                            "subclasses": [
                              {"class": "cellular phone number"},
                              {"class": "work phone number"},
                              {"class": "home phone number"},
                              {"class": "fax number"}
                            ]
                          },
                          {"class": "IP number"},
                          {
                            "class": "record identifier",
                            "subclasses": [{"class": "PDB record identifier"}]
                          },
                          {"class": "URL"},
                          {"class": "software process identifier"}
                        ]
                      },
                      {"class": "unique identifier"},
                      {
                        "class": "version label",
                        "subclasses": [
                          {"class": "document version"},
                          {
                            "class": "software version label",
                            "subclasses": [
                              {"class": "minor version number"},
                              {"class": "revision number"},
                              {"class": "major version number"}
                            ]
                          }
                        ]
                      },
                      {
                        "class": "positional identifier",
                        "subclasses": [
                          {"class": "address"},
                          {"class": "street name"},
                          {"class": "apartment number"}
                        ]
                      },
                      {
                        "class": "physical entity identifier",
                        "subclasses": [{
                          "class": "chemical identifier",
                          "subclasses": [{
                            "class": "molecular identifier",
                            "subclasses": [
                              {"class": "microarray probe set identifier"},
                              {"class": "PDB chain identifier"}
                            ]
                          }]
                        }]
                      }
                    ]
                  }
                ]
              }
            ]
          },
          {
            "class": "phrase",
            "subclasses": [{
              "class": "sentence",
              "subclasses": [
                {
                  "instances": [
                    "QuestionFromUserStudy1",
                    "ContrastiveQuestion",
                    "QuestionFromUserStudy2"
                  ],
                  "class": "question",
                  "subclasses": [{
                    "class": "UserQuestion",
                    "subclasses": [
                      {"class": "WhyQuestion"},
                      {
                        "instances": ["What_is_the_anomaly_in_the_sensor"],
                        "class": "WhatQuestion"
                      },
                      {"class": "WhenQuestion"},
                      {"class": "HowQuestion"}
                    ]
                  }]
                },
                {"class": "clause"}
              ]
            }]
          },
          {
            "class": "textual entity",
            "subclasses": [
              {
                "class": "excerpt",
                "subclasses": [{"class": "quote"}]
              },
              {"class": "paragraph"},
              {"class": "text span"},
              {
                "class": "document",
                "subclasses": [
                  {
                    "class": "legal document",
                    "subclasses": [
                      {"class": "patent"},
                      {"class": "brief"},
                      {"class": "statute"},
                      {"class": "bill"},
                      {"class": "legislation"}
                    ]
                  },
                  {
                    "class": "ontology document",
                    "subclasses": [
                      {"class": "OBO ontology"},
                      {"class": "OWL ontology"},
                      {"class": "RDFS ontology"}
                    ]
                  },
                  {"class": "web page"},
                  {"class": "email"},
                  {"class": "manuscript"},
                  {"class": "letter"},
                  {"class": "booklet"},
                  {
                    "class": "publication",
                    "subclasses": [
                      {"class": "blog"},
                      {
                        "class": "edited publication",
                        "subclasses": [{"class": "issue"}]
                      },
                      {"class": "novel"},
                      {"class": "manual"},
                      {"class": "technical report"},
                      {
                        "class": "thesis document",
                        "subclasses": [
                          {"class": "honor's thesis"},
                          {"class": "phd thesis"},
                          {"class": "master's thesis"}
                        ]
                      },
                      {
                        "class": "book",
                        "subclasses": [
                          {"class": "book volume"},
                          {"class": "conference proceedings"}
                        ]
                      },
                      {
                        "class": "article",
                        "subclasses": [{"class": "peer reviewed article"}]
                      }
                    ]
                  },
                  {
                    "class": "record",
                    "subclasses": [
                      {"class": "versioned record"},
                      {"class": "medical health record"}
                    ]
                  },
                  {"class": "diary"},
                  {"class": "note"},
                  {
                    "class": "report",
                    "subclasses": [{"class": "medical report"}]
                  }
                ]
              },
              {
                "class": "document component",
                "subclasses": [
                  {
                    "class": "document section",
                    "subclasses": [
                      {"class": "bibliography section"},
                      {"class": "chapter"},
                      {"class": "correspondence section"},
                      {"class": "introduction section"},
                      {"class": "abstract section"},
                      {"class": "table of contents"},
                      {"class": "materials section"},
                      {"class": "results section"},
                      {"class": "book section"},
                      {"class": "methods section"},
                      {"class": "author section"},
                      {"class": "copyright section"},
                      {"class": "discussion section"},
                      {"class": "materials and methods section"},
                      {"class": "acknowledgements section"},
                      {"class": "author contribution section"}
                    ]
                  },
                  {"class": "citation"},
                  {"class": "reference"}
                ]
              }
            ]
          },
          {"class": "visual language entity"},
          {
            "class": "verbal language entity",
            "subclasses": [
              {"class": "syllable"},
              {"class": "vowel"},
              {"class": "consonant"}
            ]
          },
          {
            "class": "language",
            "subclasses": [
              {"class": "sign language"},
              {"class": "written language"},
              {"class": "verbal language"}
            ]
          },
          {"class": "word"}
        ]
      },
      {
        "class": "representation",
        "subclasses": [
          {
            "instances": ["YoloImage"],
            "class": "Explanation Modality"
          },
          {
            "class": "model",
            "subclasses": [
              {"class": "process model"},
              {"class": "object model"}
            ]
          },
          {"class": "symbol"}
        ]
      }
    ]
  },
  {
    "applicableSimilarityStrategy": "HierarchyDistance",
    "class": "process",
    "subclasses": [
      {
        "class": "behaviour",
        "subclasses": [{
          "class": "emotion",
          "subclasses": [
            {
              "class": "negative emotion",
              "subclasses": [
                {
                  "class": "sadness",
                  "subclasses": [
                    {"class": "sorrow"},
                    {"class": "grief"},
                    {"class": "depression"},
                    {"class": "despair"},
                    {"class": "misery"}
                  ]
                },
                {"class": "shock"},
                {
                  "class": "apprehension",
                  "subclasses": [
                    {
                      "class": "anxiety",
                      "subclasses": [{"class": "angst"}]
                    },
                    {
                      "class": "fear",
                      "subclasses": [
                        {
                          "class": "dread",
                          "subclasses": [{"class": "terror"}]
                        },
                        {"class": "panic"}
                      ]
                    },
                    {
                      "class": "worry",
                      "subclasses": [{
                        "class": "regret",
                        "subclasses": [{"class": "remorse"}]
                      }]
                    }
                  ]
                },
                {"class": "guilt"},
                {"class": "embarassment"},
                {"class": "disappointment"},
                {
                  "class": "hurt",
                  "subclasses": [
                    {"class": "suffering"},
                    {"class": "pain"},
                    {"class": "humiliation"}
                  ]
                },
                {"class": "discouragement"},
                {"class": "irritability"},
                {"class": "boredom"},
                {"class": "suicidal"},
                {"class": "pity"},
                {
                  "class": "annoyance",
                  "subclasses": [{"class": "frustration"}]
                },
                {"class": "indecision"},
                {"class": "shame"},
                {"class": "shyness"},
                {
                  "class": "envy",
                  "subclasses": [{"class": "jealousy"}]
                },
                {"class": "loneliness"},
                {
                  "class": "hostility",
                  "subclasses": [{
                    "class": "disgust",
                    "subclasses": [
                      {"class": "resentment"},
                      {"class": "hate"},
                      {"class": "contempt"},
                      {"class": "loathing"},
                      {
                        "class": "anger",
                        "subclasses": [{"class": "rage"}]
                      }
                    ]
                  }]
                },
                {"class": "hunger"},
                {"class": "hysteria"}
              ]
            },
            {
              "class": "positive emotion",
              "subclasses": [
                {
                  "class": "interest",
                  "subclasses": [{
                    "class": "desire",
                    "subclasses": [
                      {"class": "lust"},
                      {"class": "curiosity"},
                      {"class": "passion"},
                      {
                        "instances": [
                          "Debugging",
                          "Scruitablity",
                          "Persuasiveness",
                          "Education",
                          "Efficiency",
                          "Trust",
                          "Transparency",
                          "Satisfaction",
                          "Effectiveness"
                        ],
                        "class": "intent"
                      }
                    ]
                  }]
                },
                {
                  "class": "happiness",
                  "subclasses": [
                    {"class": "euphoria"},
                    {
                      "class": "contentment",
                      "subclasses": [{
                        "class": "satisfaction",
                        "subclasses": [{"class": "pride"}]
                      }]
                    },
                    {"class": "joy"},
                    {"class": "pleasure"}
                  ]
                },
                {"class": "arousal"},
                {"class": "awe"},
                {"class": "hope"},
                {"class": "boldness"},
                {"class": "love"},
                {"class": "affection"},
                {"class": "gratitude"},
                {"class": "ecstasy"},
                {"class": "satisfaction"},
                {"class": "excitement"},
                {
                  "class": "surprise",
                  "subclasses": [{"class": "wonder"}]
                }
              ]
            },
            {
              "class": "indifference",
              "subclasses": [{"class": "apathy"}]
            }
          ]
        }]
      },
      {
        "class": "interacting",
        "subclasses": [
          {
            "class": "observing",
            "subclasses": [{"class": "perception"}]
          },
          {"class": "sampling"},
          {
            "class": "regulating",
            "subclasses": [
              {
                "class": "regulation of process",
                "subclasses": [
                  {"class": "process down-regulation"},
                  {
                    "class": "regulation of object quantity",
                    "subclasses": [
                      {
                        "class": "regulation of object production",
                        "subclasses": [
                          {"class": "decreased object production from increased regulation"},
                          {"class": "increased object production from increased regulation"},
                          {"class": "maintenance of quantity of object production"}
                        ]
                      },
                      {
                        "class": "regulation of molecular quantity",
                        "subclasses": [
                          {
                            "class": "regulation of molecular degradation",
                            "subclasses": [
                              {"class": "increased molecular degradation from decreased regulation"},
                              {"class": "increased molecular degradation from increased regulation"},
                              {"class": "decreased molecular degradation from decreased regulation"},
                              {"class": "decreased molecular degradation from increased regulation"}
                            ]
                          },
                          {
                            "class": "regulation of molecular production",
                            "subclasses": [
                              {"class": "increased molecular production from increased regulation"},
                              {"class": "decreased molecular production from decreased regulation"},
                              {"class": "increased molecular production from decreased regulation"},
                              {"class": "decreased molecular production from increased regulation"}
                            ]
                          }
                        ]
                      },
                      {
                        "class": "regulation of object consumption",
                        "subclasses": [
                          {"class": "maintenance of level of object consumption"},
                          {"class": "increased object consumption from increased regulation"},
                          {"class": "decreased object consumption from increased regulation"}
                        ]
                      }
                    ]
                  },
                  {"class": "process up-regulation"},
                  {
                    "class": "regulation of process spatial extent",
                    "subclasses": [
                      {"class": "maintenance of spatial extent of process"},
                      {"class": "increased spatial extent of process from increased regulation"},
                      {"class": "decreased spatial extent of process from decreased regulation"}
                    ]
                  },
                  {
                    "class": "regulation of biochemical process",
                    "subclasses": [
                      {
                        "class": "regulation of translation",
                        "subclasses": [
                          {"class": "protein mediated regulation of translation"},
                          {"class": "rna mediated regulation of translation"}
                        ]
                      },
                      {"class": "regulation of transcription"}
                    ]
                  },
                  {
                    "class": "process maintenance",
                    "subclasses": [{"class": "information maintenance"}]
                  },
                  {
                    "class": "regulation of process frequency",
                    "subclasses": [
                      {"class": "increased frequency of process from increased regulation"},
                      {"class": "decreased frequency of process from increased regulation"},
                      {"class": "maintenance of frequency of process"}
                    ]
                  },
                  {
                    "class": "regulation of process duration",
                    "subclasses": [
                      {"class": "decreased duration of process from increased regulation"},
                      {"class": "maintenance of duration of process"},
                      {"class": "increased duration of process from increased regulation"}
                    ]
                  }
                ]
              },
              {
                "class": "regulation of capability",
                "subclasses": [{
                  "class": "regulation of catalytic capability",
                  "subclasses": [
                    {"class": "biochemical inhibition"},
                    {"class": "biochemical activation"}
                  ]
                }]
              }
            ]
          },
          {
            "class": "destroying",
            "subclasses": [
              {
                "class": "chemical destruction",
                "subclasses": [
                  {"class": "decreased chemical destruction"},
                  {"class": "molecular complex dissociation"},
                  {"class": "increased chemical destruction"}
                ]
              },
              {"class": "dying"}
            ]
          },
          {"class": "modifying"},
          {
            "class": "transporting",
            "subclasses": [{
              "class": "chemical transport",
              "subclasses": [{
                "class": "membrane transport",
                "subclasses": [
                  {"class": "passive transport"},
                  {
                    "class": "active transport",
                    "subclasses": [
                      {"class": "primary active transport"},
                      {
                        "class": "secondary active transport",
                        "subclasses": [
                          {"class": "symport enabled secondary active transport"},
                          {"class": "antiport enabled secondary active transport"}
                        ]
                      }
                    ]
                  }
                ]
              }]
            }]
          },
          {
            "class": "chemical interaction",
            "subclasses": [
              {
                "class": "chemical reaction",
                "subclasses": [
                  {
                    "class": "organic reaction",
                    "subclasses": [{
                      "class": "addition reaction",
                      "subclasses": [
                        {
                          "class": "polar addition reaction",
                          "subclasses": [
                            {"class": "nucleophilic addition reaction"},
                            {"class": "electrophilic addition reaction"}
                          ]
                        },
                        {
                          "class": "non-polar addition reaction",
                          "subclasses": [{"class": "free radical addition"}]
                        }
                      ]
                    }]
                  },
                  {"class": "redox reaction"},
                  {
                    "class": "inorganic reaction",
                    "subclasses": [
                      {
                        "class": "displacement reaction",
                        "subclasses": [
                          {"class": "single displacement reaction"},
                          {"class": "double displacement reaction"}
                        ]
                      },
                      {"class": "decomposition reaction"},
                      {"class": "synthesis reaction"}
                    ]
                  },
                  {"class": "molecular modification"},
                  {"class": "acid-base reaction"},
                  {
                    "class": "catalyzed reaction",
                    "subclasses": [{"class": "biochemical reaction"}]
                  },
                  {"class": "isomerization reaction"}
                ]
              },
              {
                "class": "metabolism",
                "subclasses": [
                  {"class": "catabolism"},
                  {"class": "anabolism"}
                ]
              },
              {"class": "chemical exposure"},
              {
                "class": "chemical effect",
                "subclasses": [{"class": "drug drug interaction"}]
              }
            ]
          },
          {
            "class": "creating",
            "subclasses": [
              {"class": "planning"},
              {
                "class": "reproducing",
                "subclasses": [{"class": "biological reproduction"}]
              },
              {
                "class": "chemical synthesis",
                "subclasses": [
                  {"class": "molecular complex formation"},
                  {
                    "class": "biosynthesis",
                    "subclasses": [
                      {"class": "translation"},
                      {"class": "transcription"}
                    ]
                  }
                ]
              },
              {"class": "birthing"},
              {"class": "learning"},
              {"class": "reasoning"},
              {"class": "evolving"},
              {"class": "predicting"}
            ]
          },
          {"class": "measuring"},
          {"class": "comparing"},
          {
            "class": "communicating",
            "subclasses": [
              {"class": "speech"},
              {"class": "gesturing"},
              {"class": "conversing"}
            ]
          }
        ]
      },
      {
        "class": "movement",
        "subclasses": [
          {
            "class": "active movement",
            "subclasses": [{"class": "locomotion"}]
          },
          {
            "class": "passive movement",
            "subclasses": [{
              "class": "diffusion",
              "subclasses": [
                {"class": "osmosis"},
                {"class": "brownian motion"}
              ]
            }]
          }
        ]
      },
      {
        "instances": ["ProductManufacturing"],
        "class": "procedure",
        "subclasses": [
          {
            "class": "investigation",
            "subclasses": [
              {
                "class": "experiment",
                "subclasses": [
                  {"class": "microarray experiment"},
                  {
                    "class": "intervention study",
                    "subclasses": [{"class": "clinical trial"}]
                  },
                  {
                    "class": "observational study",
                    "subclasses": [{"class": "controlled observational cohort study"}]
                  },
                  {"class": "mass spectrometry experiment"}
                ]
              },
              {"class": "study"},
              {"class": "Scientific Method"}
            ]
          },
          {
            "class": "information processing",
            "subclasses": [
              {
                "class": "AI Task",
                "subclasses": [
                  {"class": "Abductive Task"},
                  {"class": "Inductive Task"},
                  {
                    "class": "Classification",
                    "subclasses": [{
                      "instances": ["BoschSensorAnomalyDetection"],
                      "class": "AnomalyDetection"
                    }]
                  },
                  {"class": "Forecasting"},
                  {
                    "instances": ["AITaskExample"],
                    "class": "Deductive Task"
                  }
                ]
              },
              {"class": "literature curation"},
              {"class": "data analysis"},
              {
                "class": "sofware execution",
                "subclasses": [
                  {
                    "class": "web service invocation",
                    "subclasses": [{"class": "SADI web service invocation"}]
                  },
                  {
                    "class": "AI Method",
                    "subclasses": [
                      {"class": "Computer Heuristics"},
                      {
                        "class": "Knowledge Bases",
                        "subclasses": [{
                          "class": "Biological Ontologies",
                          "subclasses": [{"class": "Gene Ontology"}]
                        }]
                      },
                      {"class": "Robotics"},
                      {
                        "instances": [
                          "YoloNeuralNetwork",
                          "BoschAnomalyDeepNeuralNetwork"
                        ],
                        "class": "Neural Networks (Computer)"
                      },
                      {"class": "Natural Language Processing"},
                      {
                        "class": "Machine Learning",
                        "subclasses": [
                          {"class": "Unsupervised Machine Learning"},
                          {
                            "class": "Supervised Machine Learning",
                            "subclasses": [
                              {"class": "Support Vector Machine"},
                              {"class": "Decision Tree"}
                            ]
                          }
                        ]
                      },
                      {
                        "class": "Knowledge based Systems",
                        "subclasses": [{"class": "Expert Systems"}]
                      },
                      {"class": "Fuzzy Logic"}
                    ]
                  }
                ]
              },
              {"class": "data collection"},
              {
                "class": "data transformation",
                "subclasses": [{"class": "parameterized data transformation"}]
              },
              {
                "class": "information translation",
                "subclasses": [
                  {"class": "information encoding"},
                  {"class": "information decoding"}
                ]
              }
            ]
          },
          {
            "class": "medical procedure",
            "subclasses": [
              {"class": "medical screening"},
              {"class": "differential diagnosis"},
              {"class": "diagnostic test"},
              {"class": "medical diagnosis"},
              {"class": "medical intervention"}
            ]
          },
          {"class": "assay"}
        ]
      }
    ]
  },
  {
    "applicableSimilarityStrategy": "SameTypeMatch",
    "class": "AI Task",
    "subclasses": [
      {"class": "Abductive Task"},
      {"class": "Inductive Task"},
      {
        "class": "Classification",
        "subclasses": [{
          "instances": ["BoschSensorAnomalyDetection"],
          "class": "AnomalyDetection"
        }]
      },
      {"class": "Forecasting"},
      {
        "instances": ["AITaskExample"],
        "class": "Deductive Task"
      }
    ]
  },
  {
    "applicableSimilarityStrategy": "ExactMatch",
    "instances": [
      "global",
      "local",
      "cohort"
    ],
    "class": "Explanation Scope"
  }
]}